{"version": 1, "notes": "", "documentation": "\"This file is a QMK Configurator export. You can import this at <https://config.qmk.fm>. It can also be used directly with QMK's source code.\n\nTo setup your QMK environment check out the tutorial: <https://docs.qmk.fm/#/newbs>\n\nYou can convert this file to a keymap.c using this command: `qmk json2c {keymap}`\n\nYou can compile this keymap using this command: `qmk compile {keymap}`\"\n", "keyboard": "idobo", "keymap": "zach_custom", "layout": "LAYOUT_ortho_5x15", "layers": [["KC_ESC", "KC_AT", "KC_HASH", "KC_CIRC", "KC_ASTR", "KC_MINS", "KC_EQL", "KC_LPRN", "KC_RPRN", "KC_LCBR", "KC_RCBR", "KC_LBRC", "KC_RBRC", "KC_DEL", "KC_BSPC", "KC_Q", "KC_W", "KC_E", "KC_R", "KC_T", "KC_Y", "KC_U", "KC_I", "KC_O", "KC_P", "KC_GRV", "KC_AMPR", "KC_P7", "KC_P8", "KC_P9", "KC_A", "KC_S", "KC_D", "KC_F", "KC_G", "KC_H", "KC_J", "KC_K", "KC_L", "KC_SCLN", "KC_QUOT", "KC_PIPE", "KC_P4", "KC_P5", "KC_P6", "KC_Z", "KC_X", "KC_C", "KC_V", "KC_B", "KC_N", "KC_M", "KC_COMM", "KC_DOT", "KC_SLSH", "KC_UP", "KC_EXLM", "KC_P1", "KC_P2", "KC_P3", "KC_LCTL", "KC_LALT", "KC_LGUI", "KC_LSFT", "KC_SPC", "KC_NO", "MO(1)", "KC_TAB", "KC_ENT", "KC_LEFT", "KC_DOWN", "KC_RGHT", "KC_P0", "KC_DLR", "KC_PERC"], ["RESET", "KC_NO", "KC_NO", "KC_NO", "KC_NO", "KC_NO", "KC_NO", "RGB_HUD", "RGB_HUI", "RGB_SAD", "RGB_SAI", "RGB_VAD", "RGB_VAI", "KC_BRID", "KC_BRIU", "KC_NO", "KC_NO", "KC_NO", "KC_NO", "KC_NO", "KC_AGIN", "KC_NO", "KC_NO", "KC_NO", "KC_PSCR", "KC_NO", "KC_NO", "KC_F7", "KC_F8", "KC_F9", "KC_NO", "KC_NO", "KC_NO", "KC_FIND", "KC_NO", "KC_NO", "KC_NO", "KC_NO", "RGB_TOG", "KC_NO", "KC_NO", "KC_NO", "KC_F4", "KC_F5", "KC_F6", "KC_UNDO", "KC_CUT", "KC_COPY", "KC_PSTE", "KC_NO", "KC_NO", "KC_APP", "KC_NO", "KC_NO", "KC_BSLS", "KC_VOLU", "KC_NO", "KC_F1", "KC_F2", "KC_F3", "KC_NO", "KC_NO", "KC_NO", "KC_CAPS", "KC_NO", "KC_NO", "KC_TRNS", "KC_NO", "KC_NO", "KC_NO", "KC_VOLD", "KC_NO", "KC_F10", "KC_F11", "KC_F12"]]}
